<?xml version="1.0" encoding="UTF-8" standalone="no" ?><CAERep ObjId="61849" Type="CAERep" Ver="2"><CapabilityId PropType="string">DESKTOP-Q543NA8-shish-28380-032075</CapabilityId><DSEnvironmentID PropType="int">23</DSEnvironmentID><ExternalProductVersion PropType="string">2020 R1</ExternalProductVersion><FeatureFlags PropType="vector&lt;string>">mechanical.journaling,mechanical.lsdynaenhanced2,mechanical.material.cylindricalfv,mechanical.sncurve</FeatureFlags><Goal PropType="string">RunSolver</Goal><HasBetaKeyOn PropType="bool">true</HasBetaKeyOn><InProcess PropType="bool">false</InProcess><LastDatabaseId PropType="unsigned int">61874</LastDatabaseId><LicenseServer PropType="string">60262@localhost</LicenseServer><NumProcessorsForPost PropType="int">0</NumProcessorsForPost><PID_Legacy_Solve PropType="int">0</PID_Legacy_Solve><PartialCode PropType="int">1</PartialCode><ProductVersion PropType="string">20.1 RELEASE</ProductVersion><ProductVersionForSec PropType="string">20.1</ProductVersionForSec><ProjectName PropType="string">shock_automation--Explicit Dynamics (A5)</ProjectName><ReturnCode PropType="int">1</ReturnCode><SolveInvokedFromAddin PropType="int">0</SolveInvokedFromAddin><SysvarMap PropType="map&lt;string,string>"/><EngineeringRep ObjId="61850" Type="EngineeringRep" Ver="2"><BCRep ObjId="61853" Type="BCRep" Ver="2"><StepEndTimes PropType="vector&lt;double>" UCat="Time" Unt="s">0.00112892</StepEndTimes><EdgeForce ObjId="61846" Type="Force" Ver="2"><Caption PropType="string">Force</Caption><RefCoordSysId PropType="unsigned int">22</RefCoordSysId><Scoping PropType="vector&lt;string>">61847</Scoping><LoadStep ObjId="61868" Type="LoadStep" Ver="2"><ActiveBitmask PropType="vector&lt;int>">63</ActiveBitmask><IsActive PropType="vector&lt;bool>">true</IsActive><Number PropType="vector&lt;int>"/></LoadStep><ComponentX ObjId="61869" Type="Table" Ver="2"><StepNumber PropType="vector&lt;int>">1,1</StepNumber><Time PropType="vector&lt;double>" UCat="Time" Unt="s">    0,0.00112892</Time><Values PropType="vector&lt;double>" UCat="Force" Unt="N">    0,    0</Values></ComponentX><ComponentY ObjId="61870" Type="Table" Ver="2"><StepNumber PropType="vector&lt;int>">1,1,1,1,1,1</StepNumber><Time PropType="vector&lt;double>" UCat="Time" Unt="s">    0,4.116e-05,4.117e-05,0.00028222,0.00028223,0.00112892</Time><Values PropType="vector&lt;double>" UCat="Force" Unt="N">    0,    0,1.18645560517,1.18645560517,    0,    0</Values></ComponentY><ComponentZ ObjId="61871" Type="Table" Ver="2"><StepNumber PropType="vector&lt;int>">1,1</StepNumber><Time PropType="vector&lt;double>" UCat="Time" Unt="s">    0,0.00112892</Time><Values PropType="vector&lt;double>" UCat="Force" Unt="N">    0,    0</Values></ComponentZ></EdgeForce><InitialConditionsRep ObjId="27" Type="InitialConditionsRep" Ver="2"><Caption PropType="string">Pre-Stress (None)</Caption><Scoping PropType="vector&lt;string>"/><Type PropType="string">LinkedEnvironment</Type></InitialConditionsRep><FixedEdgeSupport ObjId="58687" Type="Support" Ver="2"><Caption PropType="string">Fixed Support</Caption><Scoping PropType="vector&lt;string>">58688</Scoping><Type PropType="string"/></FixedEdgeSupport></BCRep><GeometryAttributes ObjId="61851" Type="GeometryAttributes" Ver="2"><AssemblyAttributes ObjId="61852" Type="AssemblyAttributes" Ver="2"><ElementOptionControl PropType="string">ProgramControlled</ElementOptionControl><GeometrySource PropType="string">D:\oahul14\OneDrive - Imperial College London\BootCampData\shock_automation\shock_automation_files\dp0\SYS\DM\SYS.scdoc</GeometrySource><Is2DAnalysis PropType="bool">true</Is2DAnalysis><IsMixedDimension PropType="bool">false</IsMixedDimension><Model2dBehavior PropType="string">PlaneStrain</Model2dBehavior><PartAttributes ObjId="18" Type="PartAttributes" Ver="2"><Caption PropType="string">SYS Bodies</Caption><Mass PropType="double" UCat="Mass" Unt="kg">    0</Mass><PartId PropType="unsigned int">3</PartId><BodyAttributes ObjId="19" Type="BodyAttributes" Ver="2"><AreNonLinearEffectsOn PropType="bool">true</AreNonLinearEffectsOn><BoundingBoxDiagonal PropType="double" UCat="Length" Unt="m">0.02236067927519775</BoundingBoxDiagonal><Caption PropType="string">SYS\Surface</Caption><ElementCoordSysId PropType="unsigned int">22</ElementCoordSysId><GeometryType PropType="string">Sheet</GeometryType><Mass PropType="double" UCat="Mass" Unt="kg">    0</Mass><ProtoReferenceId PropType="unsigned int">4</ProtoReferenceId><StiffnessBehavior PropType="string">Deformable</StiffnessBehavior><ThermalStrainCalculation PropType="bool">true</ThermalStrainCalculation><MassMomentOfInertia ObjId="61859" Type="MassMomentOfInertia" Ver="2"><Ixx PropType="double" UCat="MomentInertiaMass" Unt="kg m^2">4.733332910140842e-14</Ixx><Iyy PropType="double" UCat="MomentInertiaMass" Unt="kg m^2">1.893333164056338e-13</Iyy><Izz PropType="double" UCat="MomentInertiaMass" Unt="kg m^2">2.36666645507042e-13</Izz></MassMomentOfInertia><MaterialRep ObjId="61858" Type="MaterialRep" Ver="2"><MaterialName PropType="string">Dolomite</MaterialName><ReferenceTemperature PropType="double" UCat="Temperature" Unt="Celsius">   22</ReferenceTemperature><RelaxationTemperature PropType="double" UCat="Temperature" Unt="Celsius">    0</RelaxationTemperature><UnitSystem PropType="int">0</UnitSystem><UseReferenceTemperature PropType="bool">false</UseReferenceTemperature><UseRelaxationTemperature PropType="bool">false</UseRelaxationTemperature></MaterialRep></BodyAttributes><Centroid ObjId="61860" Type="DSGePoint3d" Ver="3"><Coordinates PropType="vector&lt;double>" UCat="Length" Unt="m">0.009999999776481581,0.004999999888240791,    0</Coordinates></Centroid><MassMomentOfInertia ObjId="61861" Type="MassMomentOfInertia" Ver="2"><Ixx PropType="double" UCat="MomentInertiaMass" Unt="kg m^2">4.733332910140842e-14</Ixx><Iyy PropType="double" UCat="MomentInertiaMass" Unt="kg m^2">1.893333164056338e-13</Iyy><Izz PropType="double" UCat="MomentInertiaMass" Unt="kg m^2">2.36666645507042e-13</Izz><CoordinateSystemRep ObjId="61862" Type="CoordinateSystemRep" Ver="3"><Caption PropType="string">Undefined</Caption><CoordSystemIndex PropType="unsigned int">0</CoordSystemIndex><IsGlobal PropType="bool">false</IsGlobal><Param1 PropType="double">    1</Param1><Param2 PropType="double">    1</Param2><Singularity1 PropType="int">0</Singularity1><Singularity2 PropType="int">0</Singularity2><SolverCoordNumber PropType="unsigned int">0</SolverCoordNumber><Type PropType="string">Cartesian</Type><DSGePoint3d ObjId="61864" Type="DSGePoint3d" Ver="3"><Coordinates PropType="vector&lt;double>" UCat="Length" Unt="m">0.009999999776481581,0.004999999888240791,    0</Coordinates></DSGePoint3d><Matrix3X3 ObjId="61863" Type="Matrix3X3" Ver="2"><IsOrthogonal PropType="bool">false</IsOrthogonal><Row0 PropType="vector&lt;double>">    1,    0,    0</Row0><Row1 PropType="vector&lt;double>">    0,    1,    0</Row1><Row2 PropType="vector&lt;double>">    0,    0,    1</Row2></Matrix3X3></CoordinateSystemRep></MassMomentOfInertia></PartAttributes></AssemblyAttributes></GeometryAttributes><ServiceRep ObjId="61854" Type="ServiceRep" Ver="2"><CoordinateSystemRep ObjId="22" Type="CoordinateSystemRep" Ver="3"><Caption PropType="string">Global Coordinate System</Caption><CoordSystemIndex PropType="unsigned int">0</CoordSystemIndex><IsGlobal PropType="bool">true</IsGlobal><Param1 PropType="double">    1</Param1><Param2 PropType="double">    1</Param2><Singularity1 PropType="int">0</Singularity1><Singularity2 PropType="int">0</Singularity2><SolverCoordNumber PropType="int">0</SolverCoordNumber><Type PropType="string">Cartesian</Type><DSGePoint3d ObjId="61866" Type="DSGePoint3d" Ver="3"><Coordinates PropType="vector&lt;double>" UCat="Length" Unt="m">    0,    0,    0</Coordinates></DSGePoint3d><Matrix3X3 ObjId="61865" Type="Matrix3X3" Ver="2"><IsOrthogonal PropType="bool">false</IsOrthogonal><Row0 PropType="vector&lt;double>">    1,    0,    0</Row0><Row1 PropType="vector&lt;double>">    0,    1,    0</Row1><Row2 PropType="vector&lt;double>">    0,    0,    1</Row2></Matrix3X3></CoordinateSystemRep><ReferenceDataRep ObjId="61867" Type="ReferenceDataRep" Ver="2"><BodyId PropType="vector&lt;unsigned int>">4,4,4</BodyId><PartId PropType="vector&lt;unsigned int>">3,3,3</PartId><RefId PropType="vector&lt;unsigned int>">1,2,3</RefId><RefItem PropType="vector&lt;unsigned int>">0,0,0</RefItem><RefType PropType="vector&lt;unsigned int>">2097152,49152,49152</RefType><RefValue PropType="vector&lt;unsigned int>">4,7,9</RefValue><Scoping PropType="vector&lt;string>">20,58688,61847</Scoping><Type PropType="vector&lt;unsigned int>">1,1,1</Type><UBID PropType="vector&lt;unsigned int>">19,19,19</UBID><UPID PropType="vector&lt;unsigned int>">18,18,18</UPID></ReferenceDataRep></ServiceRep></EngineeringRep><GeometryRep ObjId="61857" Type="GeometryRep" Ver="2"><ActiveAssembly PropType="unsigned int">1</ActiveAssembly><PartsAssembly PropType="string">PartsAssembly.bin</PartsAssembly><Units PropType="string">m</Units></GeometryRep><MaterialLibraryRep ObjId="61856" Type="MaterialLibraryRep" Ver="2"><FileName PropType="string">MatML.xml</FileName></MaterialLibraryRep><MeshRep ObjId="61855" Type="MeshRep" Ver="2"><AssemblyMesh PropType="string">AssemblyMesh.bin</AssemblyMesh><Configuration PropType="unsigned int">881</Configuration><IndependentMesh PropType="string">IndependentMesh.bin</IndependentMesh><RigidBodyBehavior PropType="string">FullMesh</RigidBodyBehavior><Units PropType="string">m</Units></MeshRep><SolverRep ObjId="61872" Type="SolverRep" Ver="2"><AnalysisType PropType="string">Explicit</AnalysisType><PhysicsType PropType="string">Mechanical</PhysicsType><SolverTargetName PropType="string">AUTODYN</SolverTargetName><SolverUnits PropType="int">11</SolverUnits><FEConnectorsRep ObjId="25" Type="FEConnectorsRep" Ver="2"><StepSelection PropType="int">0</StepSelection></FEConnectorsRep><FileManagementRep ObjId="61874" Type="FileManagementRep" Ver="2"><SolverFileDirectory PropType="string"/><SolverFileRelativeDirectory PropType="string"/></FileManagementRep><ProcessControls ObjId="61873" Type="ProcessControls" Ver="2"><DistributedSolve PropType="bool">false</DistributedSolve><IsLocal PropType="bool">true</IsLocal><IsRSMSolve PropType="bool">false</IsRSMSolve><ManualMemorySettings PropType="bool">false</ManualMemorySettings><MaxProcessors PropType="int">2</MaxProcessors></ProcessControls><AnalysisSettings CAEType="extObj"><SolverSettings><Version>20.1.0.0</Version><PreferenceTypeControls Version="1.0"><PreferenceType Value="Custom"/><SelfContact Value="No"/></PreferenceTypeControls><StepControls Version="4.0"><ResumeFromTimeStep>0</ResumeFromTimeStep><EndTime>0.00112892</EndTime><MaximumTimeSteps>10000000</MaximumTimeSteps><MaximumEnergyError>999999</MaximumEnergyError><ReferenceEnergyTimeStep>0</ReferenceEnergyTimeStep><InitialTimeStep>0 [s]</InitialTimeStep><MinimumTimeStep>1E-09 [sec]</MinimumTimeStep><MaximumTimeStep>1E-06 [sec]</MaximumTimeStep><TimeStepSafetyFactor>0.5</TimeStepSafetyFactor><CharZoneDimension Value="Diagonals"/><AutomaticMassScaling Value="No"><MassScalingMinTimeStep>1E-20 [s]</MassScalingMinTimeStep><MassScalingMaxElem>100</MassScalingMaxElem><MassScalingMaxPart>0.05</MassScalingMaxPart><MassScalingUpdateFreq>0</MassScalingUpdateFreq></AutomaticMassScaling><Steps><Step EndTime="0.00112892" IsCurrent="True" LoadStepType="Explicit" Number="1"/></Steps></StepControls><SolverControls Version="2.0"><Precision Value="Double"/><SolveUnits Value="mmmgms"/><BeamSolution Value="Bending"/><BeamTimeStepSafetyFactor>0.5</BeamTimeStepSafetyFactor><HexIntegration Value="Exact"/><ShellSublayers>3</ShellSublayers><ShellShearCorrectionFactor>0.8333</ShellShearCorrectionFactor><ShellWarpCorrection Value="Yes"/><ShellThicknessUpdate Value="Nodal"/><TetPressureIntegration Value="AverageNodal"/><PusoStabilityCoefficient>0.1</PusoStabilityCoefficient><ShellInertiaUpdate Value="Recompute"/><DensityUpdate Value="ProgramControlled"/><MinimumVelocity>1E-06 [m s^-1]</MinimumVelocity><MaximumVelocity>10000000000 [m s^-1]</MaximumVelocity><RadiusCutoff>0.001</RadiusCutoff><MinimumStrainRateCutoff>1E-10</MinimumStrainRateCutoff></SolverControls><EulerControls Version="1.0"><EulerTrack Value="ByBody"/><EulerSizeDef Value="Auto"><EulerDomScopeDef Value="AllBodies"/><EulerXScaleFactor>1.2</EulerXScaleFactor><EulerYScaleFactor>1.2</EulerYScaleFactor><EulerZScaleFactor>1.2</EulerZScaleFactor></EulerSizeDef><EulerResolutionDef Value="TotalCells"><EulerTotalCells>250000</EulerTotalCells></EulerResolutionDef><EulerBoundLowerX Value="FlowOut"/><EulerBoundLowerY Value="FlowOut"/><EulerBoundLowerZ Value="FlowOut"/><EulerBoundUpperX Value="FlowOut"/><EulerBoundUpperY Value="FlowOut"/><EulerBoundUpperZ Value="FlowOut"/><EulerDisplayBox Value="True"/><EulerDomainProperties><EulerXOrigin>0 [m]</EulerXOrigin><EulerYOrigin>0 [m]</EulerYOrigin><EulerZOrigin>0 [m]</EulerZOrigin><EulerXSize>0 [m]</EulerXSize><EulerYSize>0 [m]</EulerYSize><EulerZSize>0 [m]</EulerZSize><EulerXResolution>0</EulerXResolution><EulerYResolution>0</EulerYResolution><EulerZResolution>0</EulerZResolution><EulerPropertyDisplayBox Value="False"/></EulerDomainProperties></EulerControls><DampingControls Version="2.2"><LinearArtificialViscosity>0.2</LinearArtificialViscosity><QuadraticArtificialViscosity>1</QuadraticArtificialViscosity><LinearViscosityExpansion Value="No"/><ArtificialViscosityForShells Value="Yes"/><HourglassDamping Value="ADstandard"/><StiffnessCoefficient>0.1</StiffnessCoefficient><ViscousCoefficientFB>0</ViscousCoefficientFB><ViscousCoefficient>0.1</ViscousCoefficient><StaticDamping><Step IsCurrent="True" Number="1" StaticDamping="0"/></StaticDamping></DampingControls><ErosionControls Version="2.0"><ErosionOnGeomStrain Value="Yes"><ErosionGeomStrainLimit>1.5</ErosionGeomStrainLimit></ErosionOnGeomStrain><ErosionOnMaterialFailure Value="No"/><ErosionOnMinElemTimestep Value="No"><ErosionMinElemTimestep>1E+20 [s]</ErosionMinElemTimestep></ErosionOnMinElemTimestep><ErosionRetainIntertia Value="Yes"/></ErosionControls><OutputControls Version="2.1"><StepawareOutputControls Value="No"/><SaveResultsOn><Step IsCurrent="True" Number="1" NumberOfPoints="200" Value="EquallySpaced"/></SaveResultsOn><SaveRestartsOn><Step IsCurrent="True" Number="1" NumberOfPoints="5" Value="EquallySpaced"/></SaveRestartsOn><SaveProbeDataOn><Step IsCurrent="True" Number="1" TimeSteps="1" Value="TimeSteps"/></SaveProbeDataOn><SavePrintSummaryOn Value="TimeSteps"><SavePrintSummaryOnTimeSteps>100</SavePrintSummaryOnTimeSteps><SavePrintSummaryOnTime>1 [s]</SavePrintSummaryOnTime></SavePrintSummaryOn><SaveUserEditOn Value="TimeSteps"><SaveUserEditOnTimeSteps>0</SaveUserEditOnTimeSteps><SaveUserEditOnTime>1 [s]</SaveUserEditOnTime></SaveUserEditOn><OutputContactForcesOn Value="Off"><OutputContactForcesOnTimeSteps>10</OutputContactForcesOnTimeSteps><OutputContactForcesOnTime>1 [s]</OutputContactForcesOnTime><OutputContactForcesOnPoints>5</OutputContactForcesOnPoints></OutputContactForcesOn></OutputControls></SolverSettings></AnalysisSettings></SolverRep></CAERep>