<?xml version="1.0" encoding="UTF-8"?>
<EngineeringData version="20.1.0.181" versiondate="2019/12/3 17:50:00">
  <Notes>
  </Notes>
  <Materials>
    <MatML_Doc>
      <Material>
        <BulkDetails>
          <Name>Dolomite</Name>
          <Description>"Rock Physics Handbook", Mavko, G., Mukerji, T. and Dvorkin, J., Second Edition, 2009, Cambridge University Press</Description>
          <Class>
            <Name>Rock</Name>
          </Class>
          <Subclass>
            <Name>Geomechanical</Name>
          </Subclass>
          <PropertyData property="pr0">
            <Data format="string">-</Data>
            <Qualifier name="Localized Name">Color</Qualifier>
            <ParameterValue parameter="pa0" format="float">
              <Data>242</Data>
              <Qualifier name="Variable Type">Dependent</Qualifier>
              <Qualifier name="Localized Name">Red</Qualifier>
            </ParameterValue>
            <ParameterValue parameter="pa1" format="float">
              <Data>228</Data>
              <Qualifier name="Variable Type">Dependent</Qualifier>
              <Qualifier name="Localized Name">Green</Qualifier>
            </ParameterValue>
            <ParameterValue parameter="pa2" format="float">
              <Data>208</Data>
              <Qualifier name="Variable Type">Dependent</Qualifier>
              <Qualifier name="Localized Name">Blue</Qualifier>
            </ParameterValue>
            <ParameterValue parameter="pa3" format="string">
              <Data>Appearance</Data>
            </ParameterValue>
          </PropertyData>
          <PropertyData property="pr1">
            <Data format="string">-</Data>
            <Qualifier name="Behavior">Isotropic</Qualifier>
            <Qualifier name="Derive from">Bulk Modulus and Shear Modulus</Qualifier>
            <Qualifier name="Field Variable Compatible">Temperature</Qualifier>
            <Qualifier name="Localized Name">Isotropic Elasticity</Qualifier>
            <ParameterValue parameter="pa4" format="string">
              <Data>Interpolation Options</Data>
              <Qualifier name="AlgorithmType">Linear Multivariate</Qualifier>
              <Qualifier name="Normalized">True</Qualifier>
              <Qualifier name="Cached">True</Qualifier>
              <Qualifier name="Localized Name">Interpolation Options</Qualifier>
            </ParameterValue>
            <ParameterValue parameter="pa5" format="float">
              <Data>58588998410.1749</Data>
              <Qualifier name="Variable Type">Dependent</Qualifier>
              <Qualifier name="Localized Name">Young's Modulus</Qualifier>
            </ParameterValue>
            <ParameterValue parameter="pa6" format="float">
              <Data>0.282034976152623</Data>
              <Qualifier name="Variable Type">Dependent</Qualifier>
              <Qualifier name="Localized Name">Poisson's Ratio</Qualifier>
            </ParameterValue>
            <ParameterValue parameter="pa7" format="float">
              <Data>44800000000</Data>
              <Qualifier name="Variable Type">Dependent</Qualifier>
              <Qualifier name="Localized Name">Bulk Modulus</Qualifier>
            </ParameterValue>
            <ParameterValue parameter="pa8" format="float">
              <Data>22850000000</Data>
              <Qualifier name="Variable Type">Dependent</Qualifier>
              <Qualifier name="Localized Name">Shear Modulus</Qualifier>
            </ParameterValue>
            <ParameterValue parameter="pa9" format="float">
              <Data>7.88860905221012e-31</Data>
              <Qualifier name="Variable Type">Independent</Qualifier>
              <Qualifier name="Localized Name">Temperature</Qualifier>
              <Qualifier name="Field Variable">Temperature</Qualifier>
              <Qualifier name="Default Data">22</Qualifier>
              <Qualifier name="Upper Limit">Program Controlled</Qualifier>
              <Qualifier name="Lower Limit">Program Controlled</Qualifier>
              <Qualifier name="Field Units">C</Qualifier>
            </ParameterValue>
          </PropertyData>
          <PropertyData property="pr2">
            <Data format="string">-</Data>
            <Qualifier name="Localized Name">Yield Surface</Qualifier>
            <ParameterValue parameter="pa10" format="float">
              <Data>0.010471975511966</Data>
              <Qualifier name="Variable Type">Dependent</Qualifier>
              <Qualifier name="Localized Name">Initial Inner Friction Angle</Qualifier>
            </ParameterValue>
            <ParameterValue parameter="pa11" format="float">
              <Data>110000000</Data>
              <Qualifier name="Variable Type">Dependent</Qualifier>
              <Qualifier name="Localized Name">Initial Cohesion</Qualifier>
            </ParameterValue>
            <ParameterValue parameter="pa12" format="float">
              <Data>0.010471975511966</Data>
              <Qualifier name="Variable Type">Dependent</Qualifier>
              <Qualifier name="Localized Name">Dilatancy Angle</Qualifier>
            </ParameterValue>
            <ParameterValue parameter="pa13" format="float">
              <Data>0.00523598775598299</Data>
              <Qualifier name="Variable Type">Dependent</Qualifier>
              <Qualifier name="Localized Name">Residual Inner Friction Angle</Qualifier>
            </ParameterValue>
            <ParameterValue parameter="pa14" format="float">
              <Data>50000000</Data>
              <Qualifier name="Variable Type">Dependent</Qualifier>
              <Qualifier name="Localized Name">Residual Cohesion</Qualifier>
            </ParameterValue>
            <ParameterValue parameter="pa9" format="float">
              <Data>7.88860905221012e-31</Data>
              <Qualifier name="Variable Type">Independent</Qualifier>
              <Qualifier name="Localized Name">Temperature</Qualifier>
            </ParameterValue>
            <ParameterValue parameter="pa3" format="string">
              <Data>Mohr-Coulomb</Data>
            </ParameterValue>
          </PropertyData>
          <PropertyData property="pr3">
            <Data format="string">-</Data>
            <Qualifier name="guid">e3bacd7e-d975-4da1-bd71-b2887a6ba3ed</Qualifier>
            <Qualifier name="Localized Name">Material Unique Id</Qualifier>
            <Qualifier name="Display">False</Qualifier>
          </PropertyData>
          <PropertyData property="pr4">
            <Data format="string">-</Data>
            <Qualifier name="Field Variable Compatible">Temperature</Qualifier>
            <Qualifier name="Localized Name">Density</Qualifier>
            <ParameterValue parameter="pa4" format="string">
              <Data>Interpolation Options</Data>
              <Qualifier name="AlgorithmType">Linear Multivariate</Qualifier>
              <Qualifier name="Normalized">True</Qualifier>
              <Qualifier name="Cached">True</Qualifier>
              <Qualifier name="Localized Name">Interpolation Options</Qualifier>
            </ParameterValue>
            <ParameterValue parameter="pa15" format="float">
              <Data>2840</Data>
              <Qualifier name="Variable Type">Dependent</Qualifier>
              <Qualifier name="Localized Name">Density</Qualifier>
            </ParameterValue>
            <ParameterValue parameter="pa9" format="float">
              <Data>7.88860905221012e-31</Data>
              <Qualifier name="Variable Type">Independent</Qualifier>
              <Qualifier name="Localized Name">Temperature</Qualifier>
              <Qualifier name="Field Variable">Temperature</Qualifier>
              <Qualifier name="Default Data">22</Qualifier>
              <Qualifier name="Upper Limit">Program Controlled</Qualifier>
              <Qualifier name="Lower Limit">Program Controlled</Qualifier>
              <Qualifier name="Field Units">C</Qualifier>
            </ParameterValue>
          </PropertyData>
        </BulkDetails>
      </Material>
      <Metadata>
        <ParameterDetails id="pa0">
          <Name>Red</Name>
          <Unitless />
        </ParameterDetails>
        <ParameterDetails id="pa1">
          <Name>Green</Name>
          <Unitless />
        </ParameterDetails>
        <ParameterDetails id="pa2">
          <Name>Blue</Name>
          <Unitless />
        </ParameterDetails>
        <ParameterDetails id="pa3">
          <Name>Material Property</Name>
          <Unitless />
        </ParameterDetails>
        <ParameterDetails id="pa4">
          <Name>Options Variable</Name>
          <Unitless />
        </ParameterDetails>
        <ParameterDetails id="pa5">
          <Name>Young's Modulus</Name>
          <Units name="Stress">
            <Unit>
              <Name>Pa</Name>
            </Unit>
          </Units>
        </ParameterDetails>
        <ParameterDetails id="pa6">
          <Name>Poisson's Ratio</Name>
          <Unitless />
        </ParameterDetails>
        <ParameterDetails id="pa7">
          <Name>Bulk Modulus</Name>
          <Units name="Stress">
            <Unit>
              <Name>Pa</Name>
            </Unit>
          </Units>
        </ParameterDetails>
        <ParameterDetails id="pa8">
          <Name>Shear Modulus</Name>
          <Units name="Stress">
            <Unit>
              <Name>Pa</Name>
            </Unit>
          </Units>
        </ParameterDetails>
        <ParameterDetails id="pa9">
          <Name>Temperature</Name>
          <Units name="Temperature">
            <Unit>
              <Name>C</Name>
            </Unit>
          </Units>
        </ParameterDetails>
        <ParameterDetails id="pa10">
          <Name>Initial Inner Friction Angle</Name>
          <Units name="Angle">
            <Unit>
              <Name>radian</Name>
            </Unit>
          </Units>
        </ParameterDetails>
        <ParameterDetails id="pa11">
          <Name>Initial Cohesion</Name>
          <Units name="Stress">
            <Unit>
              <Name>Pa</Name>
            </Unit>
          </Units>
        </ParameterDetails>
        <ParameterDetails id="pa12">
          <Name>Dilatancy Angle</Name>
          <Units name="Angle">
            <Unit>
              <Name>radian</Name>
            </Unit>
          </Units>
        </ParameterDetails>
        <ParameterDetails id="pa13">
          <Name>Residual Inner Friction Angle</Name>
          <Units name="Angle">
            <Unit>
              <Name>radian</Name>
            </Unit>
          </Units>
        </ParameterDetails>
        <ParameterDetails id="pa14">
          <Name>Residual Cohesion</Name>
          <Units name="Stress">
            <Unit>
              <Name>Pa</Name>
            </Unit>
          </Units>
        </ParameterDetails>
        <ParameterDetails id="pa15">
          <Name>Density</Name>
          <Units name="Density">
            <Unit>
              <Name>kg</Name>
            </Unit>
            <Unit power="-3">
              <Name>m</Name>
            </Unit>
          </Units>
        </ParameterDetails>
        <PropertyDetails id="pr0">
          <Unitless />
          <Name>Color</Name>
        </PropertyDetails>
        <PropertyDetails id="pr1">
          <Unitless />
          <Name>Elasticity</Name>
        </PropertyDetails>
        <PropertyDetails id="pr2">
          <Unitless />
          <Name>Yield Surface</Name>
        </PropertyDetails>
        <PropertyDetails id="pr3">
          <Unitless />
          <Name>Material Unique Id</Name>
        </PropertyDetails>
        <PropertyDetails id="pr4">
          <Unitless />
          <Name>Density</Name>
        </PropertyDetails>
      </Metadata>
    </MatML_Doc>
  </Materials>
  <ANSYSWBTransferData>
    <Materials>
      <Material>
        <Name>Dolomite</Name>
        <DataTransferID>03d0e5a4-1f91-4a50-9b80-a0028c687811</DataTransferID>
        <PreviousTransferIDs>
        </PreviousTransferIDs>
      </Material>
    </Materials>
  </ANSYSWBTransferData>
</EngineeringData>