<?xml version="1.0" encoding="UTF-8" standalone="no" ?><CAERep ObjId="2" Type="CAERep" Ver="2"><Goal PropType="string">Unknown</Goal><InProcess PropType="bool">true</InProcess><LastDatabaseId PropType="unsigned int">6</LastDatabaseId><LocalizationFile PropType="string">Ansys.SolverManager.SolverLocalization.AUTODYN.SolverStrings</LocalizationFile><PartialCode PropType="int">1</PartialCode><ProductVersion PropType="string">Unknown</ProductVersion><ProjectName PropType="string">Unknown</ProjectName><ReturnCode PropType="int">1</ReturnCode><SysvarMap PropType="map&lt;string,string>"/><Message ObjId="6" Type="Message" Ver="2"><LocalizationFile PropType="string">Ansys.SolverManager.SolverLocalization.AUTODYN.SolverStrings</LocalizationFile><Text PropType="string">ID_E_AD_NoParallel2D</Text><Type PropType="string">Warning</Type></Message><PostRep ObjId="3" Type="PostRep" Ver="2"><FatigueRep ObjId="5" Type="FatigueRep" Ver="2"/><ResultRep ObjId="4" Type="ResultRep" Ver="2"><CalculationType PropType="string">Both</CalculationType><numResultProbes PropType="unsigned int">0</numResultProbes><resultFilename PropType="string">admodel_0_0.adres</resultFilename><rstUnitSystem PropType="unsigned int">0</rstUnitSystem></ResultRep></PostRep></CAERep>